scrambled_letters,answer,frequency
ebmhrac,chamber,4032
aceml,camel,3884
apollo,apollo,3884
arla,lara,3884
asnata,astana,3884
atrab,rabat,3884
bee,bee,3884
booabm,bamboo,3884
gnaakoor,kangaroo,3884
iexalserps,aliexpress,3884
instedy,density,3884
jatakra,jakarta,3884
laastekblb,basketball,3884
mblaao,malabo,3884
mlace,camel,3884
oekcyh,hockey,3884
ogleila,galileo,3884
rgaivyt,gravity,3884
ryoedgnh,hydrogen,3884
saana,asana,3884
satroesc,socrates,3884
sdireoat,asteroid,3884
ukcoco,cuckoo,3884
ussiba,bissau,3884
uucombls,columbus,3884
vaaj,java,3884
wright,wright,3884
osiyh,hoisy,3730
edspri,spider,3703
lkaao,koala,3703
ubetgrnge,gutenberg,3674
abuolff,buffalo,3672
aemgnr,german,3672
ahecwt,wechat,3672
ahs,ash,3672
alar,lara,3672
algiers,algiers,3672
anemyi,niamey,3672
aomabk,bamako,3672
apaman,panama,3672
apxe,apex,3672
ardcahirz,charizard,3672
arnibb,airbnb,3672
aroc,orca,3672
asatlealesh,tallahassee,3672
autrafum,futurama,3672
aympoil,olympia,3672
bdbienkraag,breakingbad,3672
bsaius,bissau,3672
bueouyt,youtube,3672
buidnl,dublin,3672
byeilrt,liberty,3672
cboar,cobra,3672
ceomhr,chrome,3672
ckyoeh,hockey,3672
cooukc,cuckoo,3672
crebitaa,bacteria,3672
csearu,saucer,3672
csgo,csgo,3672
csrociopme,microscope,3672
daadaibsba,addisababa,3672
dabhdu,buddha,3672
danjamen,ndjamena,3672
dficfar,cardiff,3672
dgrnoo,gordon,3672
dpeisnamr,spiderman,3672
drdbemeluo,dumbledore,3672
dsaaabilm,islamabad,3672
dsamsauc,damascus,3672
dtnoinen,nintendo,3672
dukcdoukgc,duckduckgo,3672
duqiithcd,quidditch,3672
dwiowsn,windows,3672
eacasr,caesar,3672
eadns,andes,3672
ebgertngu,gutenberg,3672
eddplaoo,deadpool,3672
eeb,bee,3672
eeuqcb,quebec,3672
ehdli,delhi,3672
eivsrl,silver,3672
ekogc,gecko,3672
elecx,excel,3672
eoarobng,gaborone,3672
eoubemnlr,melbourne,3672
erarct,crater,3672
erndve,denver,3672
erom,rome,3672
ersgail,algiers,3672
etroceln,electron,3672
euortr,router,3672
eupnten,neptune,3672
eutftlrby,butterfly,3672
fheufuplff,hufflepuff,3672
firfxoe,firefox,3672
gasol,lagos,3672
gelae,eagle,3672
gibat,gitlab,3672
groonkaa,kangaroo,3672
hemast,thames,3672
hertna,tehran,3672
hlmt,html,3672
homireen,hermione,3672
hpp,php,3672
hstol,sloth,3672
ialngs,signal,3672
icahned,echidna,3672
icksa,sakic,3672
idzrlzab,blizzard,3672
igbdhnuer,edinburgh,3672
ihla,hail,3672
ihubtg,github,3672
ikns,skin,3672
ikttko,tiktok,3672
ilagki,kigali,3672
incdaiv,davinci,3672
ineiptnoc,inception,3672
inulx,linux,3672
ioakn,nokia,3672
isamtuh,humitas,3672
isrpsexeal,aliexpress,3672
iuamnst,tsunami,3672
khul,hulk,3672
ktoasr,kratos,3672
ktutibcbe,bitbucket,3672
ladez,zelda,3672
laock,cloak,3672
loeggo,google,3672
lyagxa,galaxy,3672
lytf,lyft,3672
maalbo,malabo,3672
malgnela,magellan,3672
masr,mars,3672
meor,rome,3672
mkabao,bamako,3672
mnatraisg,instagram,3672
mnoo,moon,3672
mrheoeettmr,thermometer,3672
mteodlvor,voldemort,3672
mzoo,zoom,3672
namam,maman,3672
naroitmu,minotaur,3672
nerfdsi,friends,3672
nfnodrago,ganondorf,3672
ngorastmr,armstrong,3672
nogal,logan,3672
nonetw,newton,3672
npoort,proton,3672
nraog,organ,3672
nugaai,iguana,3672
odrhsaod,doordash,3672
oeemrt,meteor,3672
oeemrt,remote,3672
ogdnehry,hydrogen,3672
oiamr,mario,3672
oilagel,galileo,3672
olcnvao,volcano,3672
olso,oslo,3672
omel,lome,3672
ometc,comet,3672
onebl,nobel,3672
onntrte,trenton,3672
onrotot,toronto,3672
oodtarn,tornado,3672
oontin,notion,3672
oonvel,lenovo,3672
ooupcts,octopus,3672
oploal,apollo,3672
orht,thor,3672
pgauess,pegasus,3672
phntacas,snapchat,3672
pijtrue,jupiter,3672
pmooudnc,compound,3672
ppohi,hippo,3672
ptisfoy,spotify,3672
racca,accra,3672
ranlecba,barnacle,3672
rbain,brain,3672
reaglt,geralt,3672
reenb,berne,3672
rhome,homer,3672
rikayevkj,reykjavik,3672
rtiwgh,wright,3672
saana,sanaa,3672
sakelblabt,basketball,3672
sanep,snape,3672
sflnieed,seinfeld,3672
shncit,snitch,3672
sniobl,lisbon,3672
snmaol,salmon,3672
stleilrrtaen,interstellar,3672
subolucm,columbus,3672
tancemirf,minecraft,3672
tanhes,athens,3672
tapwsaph,whatsapp,3672
tcatnii,titanic,3672
tcposou,octopus,3672
temero,meteor,3672
tesacemfrih,masterchief,3672
tironeft,fortnite,3672
toam,atom,3672
triproae,pretoria,3672
uebdastp,budapest,3672
ugajra,jaguar,3672
ukaciph,pikachu,3672
uklh,hulk,3672
ulcdo,cloud,3672
unagib,bangui,3672
vewacafin,cavewafin,3672
wahspapt,whatsapp,3672
xomiai,xiaomi,3672
yblnaa,albany,3672
yigtvar,gravity,3672
ysindte,density,3672
yson,sony,3672
yveenar,yerevan,3672
zladaa,lazada,3672
tuplo,pluto,3666
okfacbeo,facebook,3549
aisafr,safari,3540
ersfoeacsl,salesforce,3518
fgalymiyu,familyguy,3457
ersfoeacsl,forescales,3348
osiyh,yoshi,3060
ihind,hindi,3041
memagan,megaman,3002
pkel,kelp,3002
ebtiur,rubite,2885
asiof,sofia,2860
racftnmei,infectram,2854
ebtiur,beirut,2851
ecmarhb,chamber,2827
mymagr,grammy,2794
revan,raven,2627
ubetgrnge,nuggetber,2456
ilonhdp,dolphin,2439
etbubictk,buckbitet,2387
etbubictk,bitbucket,2354
nutpene,penutne,2338
revrse,server,2279
racftnmei,minecraft,2212
ientesint,intestine,2155
hmowet,moweth,2125
itnnoo,notion,1889
adrka,dakar,1872
nutpene,neptune,1867
atroodn,tornado,1862
hnsaiask,shakinas,1695
hnsaiask,kinshasa,1663
adrka,kadar,1465
seventstarted,seventstarted,1125
aclok,cloak,300
eocmt,comet,20
teinysd,density,1
