scrambled_letters,answer,frequency
wcohtearv,overwatch,2703
dsaaabilm,islamabad,2372
aatarjk,jakarta,2372
laastekblb,basketball,2372
aomabk,bamako,2372
maalbo,malabo,2372
emngmaa,megaman,2372
gnaakoor,kangaroo,2372
tapwsaph,whatsapp,2372
alar,lara,2372
ebmhrac,chamber,2372
bsaius,bissau,2372
racftnmei,minecraft,2372
aceml,camel,2372
aclok,cloak,2372
iexalserps,aliexpress,2372
ogleila,galileo,2372
rgaivyt,gravity,2372
apollo,apollo,2372
toam,atom,2372
etbubictk,bitbucket,2372
subolucm,columbus,2372
bee,bee,2372
ebgertngu,gutenberg,2372
csrociopme,microscope,2372
cooukc,cuckoo,2372
ckyoeh,hockey,2372
eocmt,comet,2372
ooupcts,octopus,2372
ogdnehry,hydrogen,2372
eupnten,neptune,2372
ohrme,homer,2372
erom,rome,2372
rtiwgh,wright,2372
osiyh,yoshi,2372
khul,hulk,2372
npoort,proton,2372
atroodn,tornado,2062
instedy,density,2062
itnnoo,notion,2062
alazda,lazada,1774
oeemrt,meteor,1493
ioakn,nokia,1318
ineiptnoc,inception,1241
dgrnoo,gordon,1241
daadaibsba,addisababa,1240
canaad,canada,1240
asatlealesh,tallahassee,1240
kaaarn,ankara,1240
apaman,panama,1240
saana,asana,1240
saana,sanaa,1240
asnata,astana,1240
bdbienkraag,breakingbad,1240
crebitaa,bacteria,1240
ranlecba,barnacle,1240
arrebanc,canberra,1240
arrebanc,carbaner,1240
dhgabad,baghdad,1240
yblnaa,albany,1240
atrab,rabat,1240
racca,accra,1240
ardcahirz,charizard,1240
dsamsauc,damascus,1240
vewacafin,cavewafin,1240
eacasr,caesar,1240
phntacas,snapchat,1240
glaaniledoy,diagonalley,1240
danjamen,ndjamena,1240
adrka,dakar,1240
adrka,kadar,1240
malgnela,magellan,1240
aisafr,safari,1240
autrafum,futurama,1240
mnatraisg,instagram,1240
nugaai,iguana,1240
ugajra,jaguar,1240
lyagxa,galaxy,1240
hnsaiask,kinshasa,1240
hnsaiask,shakinas,1240
laimna,animal,1240
laimna,manila,1240
vaaj,java,1240
lkaao,koala,1240
aanmm,amman,1240
namam,maman,1240
arnibb,airbnb,1240
ujumbarbu,bujumbura,1240
yjumbarbu,jamburuby,1240
booabm,bamboo,1240
okfacbeo,facebook,1240
cboar,cobra,1240
dabhdu,buddha,1240
uebdastp,budapest,1240
idzrlzab,blizzard,1240
eoarobng,gaborone,1240
abuolff,buffalo,1240
unagib,bangui,1240
gibat,gitlab,1240
rbain,brain,1240
hinedca,chained,1240
icahned,echidna,1240
dficfar,cardiff,1240
incdaiv,davinci,1240
tesacemfrih,masterchief,1240
ersfoeacsl,salesforce,1240
ahecwt,wechat,1240
vorcvenau,vancouver,1240
satroesc,socrates,1240
erarct,crater,1240
csearu,saucer,1240
ukaciph,pikachu,1240
tcatnii,titanic,1240
icksa,sakic,1240
olcnvao,volcano,1240
aroc,orca,1240
eddplaoo,deadpool,1240
odrhsaod,doordash,1240
seventstarted,seventstarted,1240
dpeisnamr,spiderman,1240
sdireoat,asteroid,1240
ladez,zelda,1240
eadns,andes,1240
nfnodrago,ganondorf,1240
gelae,eagle,1240
stleilrrtaen,interstellar,1240
yveenar,yerevan,1240
algiers,algiers,1240
reaglt,geralt,1240
aemgnr,german,1240
pgauess,pegasus,1240
hemast,thames,1240
hertna,tehran,1240
tanhes,athens,1240
rikayevkj,reykjavik,1240
anemyi,niamey,1240
triproae,pretoria,1240
sanep,snape,1240
revan,raven,1240
apxe,apex,1240
fgalymiyu,familyguy,1240
asiof,sofia,1240
gsatwohr,warthogs,1240
ilagki,kigali,1240
ialngs,signal,1240
nogal,logan,1240
gasol,lagos,1240
mymagr,grammy,1240
ngorastmr,armstrong,1240
nraog,organ,1240
ihla,hail,1240
isamtuh,humitas,1240
ahs,ash,1240
xomiai,xiaomi,1240
aympoil,olympia,1240
anmims,manism,1240
naroitmu,minotaur,1240
iuamnst,tsunami,1240
oiamr,mario,1240
ktoasr,kratos,1240
snmaol,salmon,1240
ztrmao,mozart,1240
masr,mars,1240
eeuqcb,quebec,1240
drdbemeluo,dumbledore,1240
igbdhnuer,edinburgh,1240
buidnl,dublin,1240
eoubemnlr,melbourne,1240
reenb,berne,1240
eutftlrby,butterfly,1240
byeilrt,liberty,1240
ebtiur,rubite,1240
onebl,nobel,1240
bueouyt,youtube,1240
ihubtg,github,1240
tibisli,tbilisi,1240
sniobl,lisbon,1240
dukcdoukgc,duckduckgo,1240
duqiithcd,quidditch,1240
ulcdo,cloud,1240
pmooudnc,compound,1240
etroceln,electron,1240
elecx,excel,1240
ekogc,gecko,1240
ceomhr,chrome,1240
csgo,csgo,1240
shncit,snitch,1240
sflnieed,seinfeld,1240
erndve,denver,1240
nerfdsi,friends,1240
fuedr,freud,1240
fuedr,fured,1240
ehdli,delhi,1240
dtnoinen,nintendo,1240
edspri,spider,1240
mteodlvor,voldemort,1240
ihind,hindi,1240
ilonhdp,dolphin,1240
dwiowsn,windows,1240
mrheoeettmr,thermometer,1240
homireen,hermione,1240
ientesint,intestine,1240
revrse,server,1240
fheufuplff,hufflepuff,1240
firfxoe,firefox,1240
ieftnxl,netflix,1240
tironeft,fortnite,1240
loeggo,google,1240
hmowet,moweth,1240
pijtrue,jupiter,1240
eivsrl,silver,1240
pkel,kelp,1240
omel,lome,1240
oonvel,lenovo,1240
enmx,xmen,1240
onntrte,trenton,1240
nonetw,newton,1240
euortr,router,1240
ogf,fog,1240
ptisfoy,spotify,1240
lytf,lyft,1240
nhiro,rhino,1240
ppohi,hippo,1240
hlmt,html,1240
hstol,sloth,1240
orht,thor,1240
hpp,php,1240
ikttko,tiktok,1240
kloi,kilo,1240
ikns,skin,1240
inulx,linux,1240
olso,oslo,1240
tuplo,pluto,1240
mnoo,moon,1240
mzoo,zoom,1240
onrotot,toronto,1240
yson,sony,1240
uruhgbb,grubhub,5
cessh,chess,1
